ID,totalCommit,totalCommitPath,meanEditedLineInCommit,meanEditedLineInCommitPath,varianceOfCommit,varianceOfCommitPath,meanOfAddedLineOfCommit,meanOfAddedLineOfCommitPath,meanOfDeletedLineOfCommit,meanOfDeletedLineOfCommitPath,meanOfDistributionModifiedLineOfCommit,meanOfDistributionModifiedLineOfCommitPath,meanOfNumOfSubsystem,meanOfNumOfDirectories,meanOfNumOfFiles,Sun,Mon,Tue,Wed,Thu,Fri,Sat,0h,1h,2h,3h,4h,5h,6h,7h,8h,9h,10h,11h,12h,13h,14h,15h,16h,17h,18h,19h,20h,21h,22h,23h
" angela@apache.org",411.0,1497.0,0.32414334588279814,0.08899326329848366,0.2818252553433267,0.022079308364068646,0.20565397951260367,0.056462114615684775,0.11848936620430665,0.03253114863725453,7.841849148418492,2.1529726118904478,7.849148418491485,22.40632603406326,68.8661800486618,0.0,0.009732360097323601,0.20437956204379562,0.36009732360097324,0.29683698296836986,0.12895377128953772,0.0,0.014598540145985401,0.0,0.0,0.0,0.0,0.0,0.004866180048661801,0.009732360097323601,0.07542579075425791,0.09732360097323602,0.1897810218978102,0.07785888077858881,0.07542579075425791,0.12165450121654502,0.08029197080291971,0.1070559610705596,0.0535279805352798,0.04866180048661801,0.0170316301703163,0.0024330900243309003,0.0,0.021897810218978103,0.0024330900243309003,0.0
